Segments	Sequences	Positions	ML_score	Toxicity_ml_score	Prediction
Seg_1	MRSHTVTMTTASVSSWPCSSQGVHLLTNHSVQSPHNFSGAPNFTACSMDE	1-50	0.37	0	Non-toxic
Seg_2	RSHTVTMTTASVSSWPCSSQGVHLLTNHSVQSPHNFSGAPNFTACSMDET	2-51	0.36	0	Non-toxic
Seg_3	SHTVTMTTASVSSWPCSSQGVHLLTNHSVQSPHNFSGAPNFTACSMDETL	3-52	0.345	0	Non-toxic
Seg_4	HTVTMTTASVSSWPCSSQGVHLLTNHSVQSPHNFSGAPNFTACSMDETLL	4-53	0.33	0	Non-toxic
Seg_5	TVTMTTASVSSWPCSSQGVHLLTNHSVQSPHNFSGAPNFTACSMDETLLS	5-54	0.315	0	Non-toxic
Seg_6	VTMTTASVSSWPCSSQGVHLLTNHSVQSPHNFSGAPNFTACSMDETLLSS	6-55	0.315	0	Non-toxic
Seg_7	TMTTASVSSWPCSSQGVHLLTNHSVQSPHNFSGAPNFTACSMDETLLSSV	7-56	0.325	0	Non-toxic
Seg_8	MTTASVSSWPCSSQGVHLLTNHSVQSPHNFSGAPNFTACSMDETLLSSVL	8-57	0.32	0	Non-toxic
Seg_9	TTASVSSWPCSSQGVHLLTNHSVQSPHNFSGAPNFTACSMDETLLSSVLT	9-58	0.35	0	Non-toxic
Seg_10	TASVSSWPCSSQGVHLLTNHSVQSPHNFSGAPNFTACSMDETLLSSVLTT	10-59	0.35	0	Non-toxic
Seg_11	ASVSSWPCSSQGVHLLTNHSVQSPHNFSGAPNFTACSMDETLLSSVLTTF	11-60	0.375	0	Non-toxic
Seg_12	SVSSWPCSSQGVHLLTNHSVQSPHNFSGAPNFTACSMDETLLSSVLTTFY	12-61	0.385	0.385	Toxic
Seg_13	VSSWPCSSQGVHLLTNHSVQSPHNFSGAPNFTACSMDETLLSSVLTTFYS	13-62	0.385	0.385	Toxic
Seg_14	SSWPCSSQGVHLLTNHSVQSPHNFSGAPNFTACSMDETLLSSVLTTFYSV	14-63	0.37	0	Non-toxic
Seg_15	SWPCSSQGVHLLTNHSVQSPHNFSGAPNFTACSMDETLLSSVLTTFYSVI	15-64	0.375	0	Non-toxic
Seg_16	WPCSSQGVHLLTNHSVQSPHNFSGAPNFTACSMDETLLSSVLTTFYSVIF	16-65	0.36	0	Non-toxic
Seg_17	PCSSQGVHLLTNHSVQSPHNFSGAPNFTACSMDETLLSSVLTTFYSVIFI	17-66	0.36	0	Non-toxic
Seg_18	CSSQGVHLLTNHSVQSPHNFSGAPNFTACSMDETLLSSVLTTFYSVIFIM	18-67	0.3	0	Non-toxic
Seg_19	SSQGVHLLTNHSVQSPHNFSGAPNFTACSMDETLLSSVLTTFYSVIFIMG	19-68	0.26	0	Non-toxic
Seg_20	SQGVHLLTNHSVQSPHNFSGAPNFTACSMDETLLSSVLTTFYSVIFIMGL	20-69	0.255	0	Non-toxic
Seg_21	QGVHLLTNHSVQSPHNFSGAPNFTACSMDETLLSSVLTTFYSVIFIMGLV	21-70	0.255	0	Non-toxic
Seg_22	GVHLLTNHSVQSPHNFSGAPNFTACSMDETLLSSVLTTFYSVIFIMGLVG	22-71	0.265	0	Non-toxic
Seg_23	VHLLTNHSVQSPHNFSGAPNFTACSMDETLLSSVLTTFYSVIFIMGLVGN	23-72	0.245	0	Non-toxic
Seg_24	HLLTNHSVQSPHNFSGAPNFTACSMDETLLSSVLTTFYSVIFIMGLVGNI	24-73	0.265	0	Non-toxic
Seg_25	LLTNHSVQSPHNFSGAPNFTACSMDETLLSSVLTTFYSVIFIMGLVGNII	25-74	0.25	0	Non-toxic
Seg_26	LTNHSVQSPHNFSGAPNFTACSMDETLLSSVLTTFYSVIFIMGLVGNIIA	26-75	0.26	0	Non-toxic
Seg_27	TNHSVQSPHNFSGAPNFTACSMDETLLSSVLTTFYSVIFIMGLVGNIIAL	27-76	0.26	0	Non-toxic
Seg_28	NHSVQSPHNFSGAPNFTACSMDETLLSSVLTTFYSVIFIMGLVGNIIALY	28-77	0.26	0	Non-toxic
Seg_29	HSVQSPHNFSGAPNFTACSMDETLLSSVLTTFYSVIFIMGLVGNIIALYV	29-78	0.245	0	Non-toxic
Seg_30	SVQSPHNFSGAPNFTACSMDETLLSSVLTTFYSVIFIMGLVGNIIALYVF	30-79	0.245	0	Non-toxic
Seg_31	VQSPHNFSGAPNFTACSMDETLLSSVLTTFYSVIFIMGLVGNIIALYVFL	31-80	0.235	0	Non-toxic
Seg_32	QSPHNFSGAPNFTACSMDETLLSSVLTTFYSVIFIMGLVGNIIALYVFLG	32-81	0.245	0	Non-toxic
Seg_33	SPHNFSGAPNFTACSMDETLLSSVLTTFYSVIFIMGLVGNIIALYVFLGI	33-82	0.23	0	Non-toxic
Seg_34	PHNFSGAPNFTACSMDETLLSSVLTTFYSVIFIMGLVGNIIALYVFLGIH	34-83	0.215	0	Non-toxic
Seg_35	HNFSGAPNFTACSMDETLLSSVLTTFYSVIFIMGLVGNIIALYVFLGIHR	35-84	0.2	0	Non-toxic
Seg_36	NFSGAPNFTACSMDETLLSSVLTTFYSVIFIMGLVGNIIALYVFLGIHRK	36-85	0.185	0	Non-toxic
Seg_37	FSGAPNFTACSMDETLLSSVLTTFYSVIFIMGLVGNIIALYVFLGIHRKR	37-86	0.19	0	Non-toxic
Seg_38	SGAPNFTACSMDETLLSSVLTTFYSVIFIMGLVGNIIALYVFLGIHRKRN	38-87	0.21	0	Non-toxic
Seg_39	GAPNFTACSMDETLLSSVLTTFYSVIFIMGLVGNIIALYVFLGIHRKRNS	39-88	0.21	0	Non-toxic
Seg_40	APNFTACSMDETLLSSVLTTFYSVIFIMGLVGNIIALYVFLGIHRKRNSI	40-89	0.2	0	Non-toxic
Seg_41	PNFTACSMDETLLSSVLTTFYSVIFIMGLVGNIIALYVFLGIHRKRNSIQ	41-90	0.185	0	Non-toxic
Seg_42	NFTACSMDETLLSSVLTTFYSVIFIMGLVGNIIALYVFLGIHRKRNSIQI	42-91	0.185	0	Non-toxic
Seg_43	FTACSMDETLLSSVLTTFYSVIFIMGLVGNIIALYVFLGIHRKRNSIQIY	43-92	0.19	0	Non-toxic
Seg_44	TACSMDETLLSSVLTTFYSVIFIMGLVGNIIALYVFLGIHRKRNSIQIYL	44-93	0.2	0	Non-toxic
Seg_45	ACSMDETLLSSVLTTFYSVIFIMGLVGNIIALYVFLGIHRKRNSIQIYLL	45-94	0.2	0	Non-toxic
Seg_46	CSMDETLLSSVLTTFYSVIFIMGLVGNIIALYVFLGIHRKRNSIQIYLLN	46-95	0.165	0	Non-toxic
Seg_47	SMDETLLSSVLTTFYSVIFIMGLVGNIIALYVFLGIHRKRNSIQIYLLNV	47-96	0.15	0	Non-toxic
Seg_48	MDETLLSSVLTTFYSVIFIMGLVGNIIALYVFLGIHRKRNSIQIYLLNVA	48-97	0.145	0	Non-toxic
Seg_49	DETLLSSVLTTFYSVIFIMGLVGNIIALYVFLGIHRKRNSIQIYLLNVAV	49-98	0.17	0	Non-toxic
Seg_50	ETLLSSVLTTFYSVIFIMGLVGNIIALYVFLGIHRKRNSIQIYLLNVAVA	50-99	0.19	0	Non-toxic
Seg_51	TLLSSVLTTFYSVIFIMGLVGNIIALYVFLGIHRKRNSIQIYLLNVAVAD	51-100	0.165	0	Non-toxic
Seg_52	LLSSVLTTFYSVIFIMGLVGNIIALYVFLGIHRKRNSIQIYLLNVAVADL	52-101	0.165	0	Non-toxic
Seg_53	LSSVLTTFYSVIFIMGLVGNIIALYVFLGIHRKRNSIQIYLLNVAVADLL	53-102	0.165	0	Non-toxic
Seg_54	SSVLTTFYSVIFIMGLVGNIIALYVFLGIHRKRNSIQIYLLNVAVADLLL	54-103	0.16	0	Non-toxic
Seg_55	SVLTTFYSVIFIMGLVGNIIALYVFLGIHRKRNSIQIYLLNVAVADLLLI	55-104	0.145	0	Non-toxic
Seg_56	VLTTFYSVIFIMGLVGNIIALYVFLGIHRKRNSIQIYLLNVAVADLLLIF	56-105	0.145	0	Non-toxic
Seg_57	LTTFYSVIFIMGLVGNIIALYVFLGIHRKRNSIQIYLLNVAVADLLLIFC	57-106	0.185	0	Non-toxic
Seg_58	TTFYSVIFIMGLVGNIIALYVFLGIHRKRNSIQIYLLNVAVADLLLIFCL	58-107	0.21	0	Non-toxic
Seg_59	TFYSVIFIMGLVGNIIALYVFLGIHRKRNSIQIYLLNVAVADLLLIFCLP	59-108	0.235	0	Non-toxic
Seg_60	FYSVIFIMGLVGNIIALYVFLGIHRKRNSIQIYLLNVAVADLLLIFCLPF	60-109	0.23	0	Non-toxic
Seg_61	YSVIFIMGLVGNIIALYVFLGIHRKRNSIQIYLLNVAVADLLLIFCLPFR	61-110	0.24	0	Non-toxic
Seg_62	SVIFIMGLVGNIIALYVFLGIHRKRNSIQIYLLNVAVADLLLIFCLPFRI	62-111	0.245	0	Non-toxic
Seg_63	VIFIMGLVGNIIALYVFLGIHRKRNSIQIYLLNVAVADLLLIFCLPFRIM	63-112	0.215	0	Non-toxic
Seg_64	IFIMGLVGNIIALYVFLGIHRKRNSIQIYLLNVAVADLLLIFCLPFRIMY	64-113	0.21	0	Non-toxic
Seg_65	FIMGLVGNIIALYVFLGIHRKRNSIQIYLLNVAVADLLLIFCLPFRIMYH	65-114	0.2	0	Non-toxic
Seg_66	IMGLVGNIIALYVFLGIHRKRNSIQIYLLNVAVADLLLIFCLPFRIMYHI	66-115	0.195	0	Non-toxic
Seg_67	MGLVGNIIALYVFLGIHRKRNSIQIYLLNVAVADLLLIFCLPFRIMYHIN	67-116	0.19	0	Non-toxic
Seg_68	GLVGNIIALYVFLGIHRKRNSIQIYLLNVAVADLLLIFCLPFRIMYHINQ	68-117	0.22	0	Non-toxic
Seg_69	LVGNIIALYVFLGIHRKRNSIQIYLLNVAVADLLLIFCLPFRIMYHINQN	69-118	0.23	0	Non-toxic
Seg_70	VGNIIALYVFLGIHRKRNSIQIYLLNVAVADLLLIFCLPFRIMYHINQNK	70-119	0.24	0	Non-toxic
Seg_71	GNIIALYVFLGIHRKRNSIQIYLLNVAVADLLLIFCLPFRIMYHINQNKW	71-120	0.235	0	Non-toxic
Seg_72	NIIALYVFLGIHRKRNSIQIYLLNVAVADLLLIFCLPFRIMYHINQNKWT	72-121	0.245	0	Non-toxic
Seg_73	IIALYVFLGIHRKRNSIQIYLLNVAVADLLLIFCLPFRIMYHINQNKWTL	73-122	0.25	0	Non-toxic
Seg_74	IALYVFLGIHRKRNSIQIYLLNVAVADLLLIFCLPFRIMYHINQNKWTLG	74-123	0.255	0	Non-toxic
Seg_75	ALYVFLGIHRKRNSIQIYLLNVAVADLLLIFCLPFRIMYHINQNKWTLGV	75-124	0.25	0	Non-toxic
Seg_76	LYVFLGIHRKRNSIQIYLLNVAVADLLLIFCLPFRIMYHINQNKWTLGVI	76-125	0.25	0	Non-toxic
Seg_77	YVFLGIHRKRNSIQIYLLNVAVADLLLIFCLPFRIMYHINQNKWTLGVIL	77-126	0.255	0	Non-toxic
Seg_78	VFLGIHRKRNSIQIYLLNVAVADLLLIFCLPFRIMYHINQNKWTLGVILC	78-127	0.285	0	Non-toxic
Seg_79	FLGIHRKRNSIQIYLLNVAVADLLLIFCLPFRIMYHINQNKWTLGVILCK	79-128	0.37	0	Non-toxic
Seg_80	LGIHRKRNSIQIYLLNVAVADLLLIFCLPFRIMYHINQNKWTLGVILCKV	80-129	0.36	0	Non-toxic
Seg_81	GIHRKRNSIQIYLLNVAVADLLLIFCLPFRIMYHINQNKWTLGVILCKVV	81-130	0.375	0	Non-toxic
Seg_82	IHRKRNSIQIYLLNVAVADLLLIFCLPFRIMYHINQNKWTLGVILCKVVG	82-131	0.375	0	Non-toxic
Seg_83	HRKRNSIQIYLLNVAVADLLLIFCLPFRIMYHINQNKWTLGVILCKVVGT	83-132	0.385	0.385	Toxic
Seg_84	RKRNSIQIYLLNVAVADLLLIFCLPFRIMYHINQNKWTLGVILCKVVGTL	84-133	0.365	0	Non-toxic
Seg_85	KRNSIQIYLLNVAVADLLLIFCLPFRIMYHINQNKWTLGVILCKVVGTLF	85-134	0.355	0	Non-toxic
Seg_86	RNSIQIYLLNVAVADLLLIFCLPFRIMYHINQNKWTLGVILCKVVGTLFY	86-135	0.345	0	Non-toxic
Seg_87	NSIQIYLLNVAVADLLLIFCLPFRIMYHINQNKWTLGVILCKVVGTLFYM	87-136	0.3	0	Non-toxic
Seg_88	SIQIYLLNVAVADLLLIFCLPFRIMYHINQNKWTLGVILCKVVGTLFYMN	88-137	0.305	0	Non-toxic
Seg_89	IQIYLLNVAVADLLLIFCLPFRIMYHINQNKWTLGVILCKVVGTLFYMNM	89-138	0.28	0	Non-toxic
Seg_90	QIYLLNVAVADLLLIFCLPFRIMYHINQNKWTLGVILCKVVGTLFYMNMY	90-139	0.285	0	Non-toxic
Seg_91	IYLLNVAVADLLLIFCLPFRIMYHINQNKWTLGVILCKVVGTLFYMNMYI	91-140	0.27	0	Non-toxic
Seg_92	YLLNVAVADLLLIFCLPFRIMYHINQNKWTLGVILCKVVGTLFYMNMYIS	92-141	0.265	0	Non-toxic
Seg_93	LLNVAVADLLLIFCLPFRIMYHINQNKWTLGVILCKVVGTLFYMNMYISI	93-142	0.255	0	Non-toxic
Seg_94	LNVAVADLLLIFCLPFRIMYHINQNKWTLGVILCKVVGTLFYMNMYISII	94-143	0.26	0	Non-toxic
Seg_95	NVAVADLLLIFCLPFRIMYHINQNKWTLGVILCKVVGTLFYMNMYISIIL	95-144	0.27	0	Non-toxic
Seg_96	VAVADLLLIFCLPFRIMYHINQNKWTLGVILCKVVGTLFYMNMYISIILL	96-145	0.255	0	Non-toxic
Seg_97	AVADLLLIFCLPFRIMYHINQNKWTLGVILCKVVGTLFYMNMYISIILLG	97-146	0.26	0	Non-toxic
Seg_98	VADLLLIFCLPFRIMYHINQNKWTLGVILCKVVGTLFYMNMYISIILLGF	98-147	0.27	0	Non-toxic
Seg_99	ADLLLIFCLPFRIMYHINQNKWTLGVILCKVVGTLFYMNMYISIILLGFI	99-148	0.26	0	Non-toxic
Seg_100	DLLLIFCLPFRIMYHINQNKWTLGVILCKVVGTLFYMNMYISIILLGFIS	100-149	0.27	0	Non-toxic
Seg_101	LLLIFCLPFRIMYHINQNKWTLGVILCKVVGTLFYMNMYISIILLGFISL	101-150	0.27	0	Non-toxic
Seg_102	LLIFCLPFRIMYHINQNKWTLGVILCKVVGTLFYMNMYISIILLGFISLD	102-151	0.245	0	Non-toxic
Seg_103	LIFCLPFRIMYHINQNKWTLGVILCKVVGTLFYMNMYISIILLGFISLDR	103-152	0.245	0	Non-toxic
Seg_104	IFCLPFRIMYHINQNKWTLGVILCKVVGTLFYMNMYISIILLGFISLDRY	104-153	0.245	0	Non-toxic
Seg_105	FCLPFRIMYHINQNKWTLGVILCKVVGTLFYMNMYISIILLGFISLDRYI	105-154	0.255	0	Non-toxic
Seg_106	CLPFRIMYHINQNKWTLGVILCKVVGTLFYMNMYISIILLGFISLDRYIK	106-155	0.25	0	Non-toxic
Seg_107	LPFRIMYHINQNKWTLGVILCKVVGTLFYMNMYISIILLGFISLDRYIKI	107-156	0.225	0	Non-toxic
Seg_108	PFRIMYHINQNKWTLGVILCKVVGTLFYMNMYISIILLGFISLDRYIKIN	108-157	0.215	0	Non-toxic
Seg_109	FRIMYHINQNKWTLGVILCKVVGTLFYMNMYISIILLGFISLDRYIKINR	109-158	0.215	0	Non-toxic
Seg_110	RIMYHINQNKWTLGVILCKVVGTLFYMNMYISIILLGFISLDRYIKINRS	110-159	0.25	0	Non-toxic
Seg_111	IMYHINQNKWTLGVILCKVVGTLFYMNMYISIILLGFISLDRYIKINRSI	111-160	0.25	0	Non-toxic
Seg_112	MYHINQNKWTLGVILCKVVGTLFYMNMYISIILLGFISLDRYIKINRSIQ	112-161	0.245	0	Non-toxic
Seg_113	YHINQNKWTLGVILCKVVGTLFYMNMYISIILLGFISLDRYIKINRSIQQ	113-162	0.255	0	Non-toxic
Seg_114	HINQNKWTLGVILCKVVGTLFYMNMYISIILLGFISLDRYIKINRSIQQR	114-163	0.265	0	Non-toxic
Seg_115	INQNKWTLGVILCKVVGTLFYMNMYISIILLGFISLDRYIKINRSIQQRK	115-164	0.285	0	Non-toxic
Seg_116	NQNKWTLGVILCKVVGTLFYMNMYISIILLGFISLDRYIKINRSIQQRKA	116-165	0.285	0	Non-toxic
Seg_117	QNKWTLGVILCKVVGTLFYMNMYISIILLGFISLDRYIKINRSIQQRKAI	117-166	0.29	0	Non-toxic
Seg_118	NKWTLGVILCKVVGTLFYMNMYISIILLGFISLDRYIKINRSIQQRKAIT	118-167	0.275	0	Non-toxic
Seg_119	KWTLGVILCKVVGTLFYMNMYISIILLGFISLDRYIKINRSIQQRKAITT	119-168	0.27	0	Non-toxic
Seg_120	WTLGVILCKVVGTLFYMNMYISIILLGFISLDRYIKINRSIQQRKAITTK	120-169	0.275	0	Non-toxic
Seg_121	TLGVILCKVVGTLFYMNMYISIILLGFISLDRYIKINRSIQQRKAITTKQ	121-170	0.245	0	Non-toxic
Seg_122	LGVILCKVVGTLFYMNMYISIILLGFISLDRYIKINRSIQQRKAITTKQS	122-171	0.255	0	Non-toxic
Seg_123	GVILCKVVGTLFYMNMYISIILLGFISLDRYIKINRSIQQRKAITTKQSI	123-172	0.25	0	Non-toxic
Seg_124	VILCKVVGTLFYMNMYISIILLGFISLDRYIKINRSIQQRKAITTKQSIY	124-173	0.235	0	Non-toxic
Seg_125	ILCKVVGTLFYMNMYISIILLGFISLDRYIKINRSIQQRKAITTKQSIYV	125-174	0.23	0	Non-toxic
Seg_126	LCKVVGTLFYMNMYISIILLGFISLDRYIKINRSIQQRKAITTKQSIYVC	126-175	0.275	0	Non-toxic
Seg_127	CKVVGTLFYMNMYISIILLGFISLDRYIKINRSIQQRKAITTKQSIYVCC	127-176	0.39	0.39	Toxic
Seg_128	KVVGTLFYMNMYISIILLGFISLDRYIKINRSIQQRKAITTKQSIYVCCA	128-177	0.335	0	Non-toxic
Seg_129	VVGTLFYMNMYISIILLGFISLDRYIKINRSIQQRKAITTKQSIYVCCAV	129-178	0.305	0	Non-toxic
Seg_130	VGTLFYMNMYISIILLGFISLDRYIKINRSIQQRKAITTKQSIYVCCAVW	130-179	0.33	0	Non-toxic
Seg_131	GTLFYMNMYISIILLGFISLDRYIKINRSIQQRKAITTKQSIYVCCAVWI	131-180	0.345	0	Non-toxic
Seg_132	TLFYMNMYISIILLGFISLDRYIKINRSIQQRKAITTKQSIYVCCAVWII	132-181	0.335	0	Non-toxic
Seg_133	LFYMNMYISIILLGFISLDRYIKINRSIQQRKAITTKQSIYVCCAVWIIA	133-182	0.36	0	Non-toxic
Seg_134	FYMNMYISIILLGFISLDRYIKINRSIQQRKAITTKQSIYVCCAVWIIAL	134-183	0.37	0	Non-toxic
Seg_135	YMNMYISIILLGFISLDRYIKINRSIQQRKAITTKQSIYVCCAVWIIALA	135-184	0.35	0	Non-toxic
Seg_136	MNMYISIILLGFISLDRYIKINRSIQQRKAITTKQSIYVCCAVWIIALAG	136-185	0.355	0	Non-toxic
Seg_137	NMYISIILLGFISLDRYIKINRSIQQRKAITTKQSIYVCCAVWIIALAGF	137-186	0.36	0	Non-toxic
Seg_138	MYISIILLGFISLDRYIKINRSIQQRKAITTKQSIYVCCAVWIIALAGFL	138-187	0.36	0	Non-toxic
Seg_139	YISIILLGFISLDRYIKINRSIQQRKAITTKQSIYVCCAVWIIALAGFLT	139-188	0.375	0	Non-toxic
Seg_140	ISIILLGFISLDRYIKINRSIQQRKAITTKQSIYVCCAVWIIALAGFLTM	140-189	0.345	0	Non-toxic
Seg_141	SIILLGFISLDRYIKINRSIQQRKAITTKQSIYVCCAVWIIALAGFLTMI	141-190	0.35	0	Non-toxic
Seg_142	IILLGFISLDRYIKINRSIQQRKAITTKQSIYVCCAVWIIALAGFLTMII	142-191	0.345	0	Non-toxic
Seg_143	ILLGFISLDRYIKINRSIQQRKAITTKQSIYVCCAVWIIALAGFLTMIIL	143-192	0.345	0	Non-toxic
Seg_144	LLGFISLDRYIKINRSIQQRKAITTKQSIYVCCAVWIIALAGFLTMIILT	144-193	0.325	0	Non-toxic
Seg_145	LGFISLDRYIKINRSIQQRKAITTKQSIYVCCAVWIIALAGFLTMIILTL	145-194	0.315	0	Non-toxic
Seg_146	GFISLDRYIKINRSIQQRKAITTKQSIYVCCAVWIIALAGFLTMIILTLK	146-195	0.315	0	Non-toxic
Seg_147	FISLDRYIKINRSIQQRKAITTKQSIYVCCAVWIIALAGFLTMIILTLKK	147-196	0.32	0	Non-toxic
Seg_148	ISLDRYIKINRSIQQRKAITTKQSIYVCCAVWIIALAGFLTMIILTLKKG	148-197	0.33	0	Non-toxic
Seg_149	SLDRYIKINRSIQQRKAITTKQSIYVCCAVWIIALAGFLTMIILTLKKGG	149-198	0.34	0	Non-toxic
Seg_150	LDRYIKINRSIQQRKAITTKQSIYVCCAVWIIALAGFLTMIILTLKKGGH	150-199	0.36	0	Non-toxic
Seg_151	DRYIKINRSIQQRKAITTKQSIYVCCAVWIIALAGFLTMIILTLKKGGHN	151-200	0.355	0	Non-toxic
Seg_152	RYIKINRSIQQRKAITTKQSIYVCCAVWIIALAGFLTMIILTLKKGGHNS	152-201	0.36	0	Non-toxic
Seg_153	YIKINRSIQQRKAITTKQSIYVCCAVWIIALAGFLTMIILTLKKGGHNST	153-202	0.35	0	Non-toxic
Seg_154	IKINRSIQQRKAITTKQSIYVCCAVWIIALAGFLTMIILTLKKGGHNSTM	154-203	0.37	0	Non-toxic
Seg_155	KINRSIQQRKAITTKQSIYVCCAVWIIALAGFLTMIILTLKKGGHNSTMC	155-204	0.405	0.405	Toxic
Seg_156	INRSIQQRKAITTKQSIYVCCAVWIIALAGFLTMIILTLKKGGHNSTMCF	156-205	0.455	0.455	Toxic
Seg_157	NRSIQQRKAITTKQSIYVCCAVWIIALAGFLTMIILTLKKGGHNSTMCFH	157-206	0.455	0.455	Toxic
Seg_158	RSIQQRKAITTKQSIYVCCAVWIIALAGFLTMIILTLKKGGHNSTMCFHY	158-207	0.45	0.45	Toxic
Seg_159	SIQQRKAITTKQSIYVCCAVWIIALAGFLTMIILTLKKGGHNSTMCFHYR	159-208	0.455	0.455	Toxic
Seg_160	IQQRKAITTKQSIYVCCAVWIIALAGFLTMIILTLKKGGHNSTMCFHYRD	160-209	0.445	0.445	Toxic
Seg_161	QQRKAITTKQSIYVCCAVWIIALAGFLTMIILTLKKGGHNSTMCFHYRDK	161-210	0.445	0.445	Toxic
Seg_162	QRKAITTKQSIYVCCAVWIIALAGFLTMIILTLKKGGHNSTMCFHYRDKH	162-211	0.45	0.45	Toxic
Seg_163	RKAITTKQSIYVCCAVWIIALAGFLTMIILTLKKGGHNSTMCFHYRDKHN	163-212	0.445	0.445	Toxic
Seg_164	KAITTKQSIYVCCAVWIIALAGFLTMIILTLKKGGHNSTMCFHYRDKHNA	164-213	0.455	0.455	Toxic
Seg_165	AITTKQSIYVCCAVWIIALAGFLTMIILTLKKGGHNSTMCFHYRDKHNAK	165-214	0.45	0.45	Toxic
Seg_166	ITTKQSIYVCCAVWIIALAGFLTMIILTLKKGGHNSTMCFHYRDKHNAKG	166-215	0.465	0.465	Toxic
Seg_167	TTKQSIYVCCAVWIIALAGFLTMIILTLKKGGHNSTMCFHYRDKHNAKGE	167-216	0.49	0.49	Toxic
Seg_168	TKQSIYVCCAVWIIALAGFLTMIILTLKKGGHNSTMCFHYRDKHNAKGEA	168-217	0.465	0.465	Toxic
Seg_169	KQSIYVCCAVWIIALAGFLTMIILTLKKGGHNSTMCFHYRDKHNAKGEAI	169-218	0.45	0.45	Toxic
Seg_170	QSIYVCCAVWIIALAGFLTMIILTLKKGGHNSTMCFHYRDKHNAKGEAIF	170-219	0.445	0.445	Toxic
Seg_171	SIYVCCAVWIIALAGFLTMIILTLKKGGHNSTMCFHYRDKHNAKGEAIFN	171-220	0.44	0.44	Toxic
Seg_172	IYVCCAVWIIALAGFLTMIILTLKKGGHNSTMCFHYRDKHNAKGEAIFNF	172-221	0.44	0.44	Toxic
Seg_173	YVCCAVWIIALAGFLTMIILTLKKGGHNSTMCFHYRDKHNAKGEAIFNFI	173-222	0.45	0.45	Toxic
Seg_174	VCCAVWIIALAGFLTMIILTLKKGGHNSTMCFHYRDKHNAKGEAIFNFIL	174-223	0.445	0.445	Toxic
Seg_175	CCAVWIIALAGFLTMIILTLKKGGHNSTMCFHYRDKHNAKGEAIFNFILV	175-224	0.4	0.4	Toxic
Seg_176	CAVWIIALAGFLTMIILTLKKGGHNSTMCFHYRDKHNAKGEAIFNFILVV	176-225	0.295	0	Non-toxic
Seg_177	AVWIIALAGFLTMIILTLKKGGHNSTMCFHYRDKHNAKGEAIFNFILVVM	177-226	0.29	0	Non-toxic
Seg_178	VWIIALAGFLTMIILTLKKGGHNSTMCFHYRDKHNAKGEAIFNFILVVMF	178-227	0.27	0	Non-toxic
Seg_179	WIIALAGFLTMIILTLKKGGHNSTMCFHYRDKHNAKGEAIFNFILVVMFW	179-228	0.295	0	Non-toxic
Seg_180	IIALAGFLTMIILTLKKGGHNSTMCFHYRDKHNAKGEAIFNFILVVMFWL	180-229	0.29	0	Non-toxic
Seg_181	IALAGFLTMIILTLKKGGHNSTMCFHYRDKHNAKGEAIFNFILVVMFWLI	181-230	0.275	0	Non-toxic
Seg_182	ALAGFLTMIILTLKKGGHNSTMCFHYRDKHNAKGEAIFNFILVVMFWLIF	182-231	0.28	0	Non-toxic
Seg_183	LAGFLTMIILTLKKGGHNSTMCFHYRDKHNAKGEAIFNFILVVMFWLIFL	183-232	0.265	0	Non-toxic
Seg_184	AGFLTMIILTLKKGGHNSTMCFHYRDKHNAKGEAIFNFILVVMFWLIFLL	184-233	0.305	0	Non-toxic
Seg_185	GFLTMIILTLKKGGHNSTMCFHYRDKHNAKGEAIFNFILVVMFWLIFLLI	185-234	0.29	0	Non-toxic
Seg_186	FLTMIILTLKKGGHNSTMCFHYRDKHNAKGEAIFNFILVVMFWLIFLLII	186-235	0.29	0	Non-toxic
Seg_187	LTMIILTLKKGGHNSTMCFHYRDKHNAKGEAIFNFILVVMFWLIFLLIIL	187-236	0.295	0	Non-toxic
Seg_188	TMIILTLKKGGHNSTMCFHYRDKHNAKGEAIFNFILVVMFWLIFLLIILS	188-237	0.295	0	Non-toxic
Seg_189	MIILTLKKGGHNSTMCFHYRDKHNAKGEAIFNFILVVMFWLIFLLIILSY	189-238	0.29	0	Non-toxic
Seg_190	IILTLKKGGHNSTMCFHYRDKHNAKGEAIFNFILVVMFWLIFLLIILSYI	190-239	0.315	0	Non-toxic
Seg_191	ILTLKKGGHNSTMCFHYRDKHNAKGEAIFNFILVVMFWLIFLLIILSYIK	191-240	0.37	0	Non-toxic
Seg_192	LTLKKGGHNSTMCFHYRDKHNAKGEAIFNFILVVMFWLIFLLIILSYIKI	192-241	0.375	0	Non-toxic
Seg_193	TLKKGGHNSTMCFHYRDKHNAKGEAIFNFILVVMFWLIFLLIILSYIKIG	193-242	0.38	0	Non-toxic
Seg_194	LKKGGHNSTMCFHYRDKHNAKGEAIFNFILVVMFWLIFLLIILSYIKIGK	194-243	0.4	0.4	Toxic
Seg_195	KKGGHNSTMCFHYRDKHNAKGEAIFNFILVVMFWLIFLLIILSYIKIGKN	195-244	0.405	0.405	Toxic
Seg_196	KGGHNSTMCFHYRDKHNAKGEAIFNFILVVMFWLIFLLIILSYIKIGKNL	196-245	0.4	0.4	Toxic
Seg_197	GGHNSTMCFHYRDKHNAKGEAIFNFILVVMFWLIFLLIILSYIKIGKNLL	197-246	0.39	0.39	Toxic
Seg_198	GHNSTMCFHYRDKHNAKGEAIFNFILVVMFWLIFLLIILSYIKIGKNLLR	198-247	0.385	0.385	Toxic
Seg_199	HNSTMCFHYRDKHNAKGEAIFNFILVVMFWLIFLLIILSYIKIGKNLLRI	199-248	0.38	0	Non-toxic
Seg_200	NSTMCFHYRDKHNAKGEAIFNFILVVMFWLIFLLIILSYIKIGKNLLRIS	200-249	0.36	0	Non-toxic
Seg_201	STMCFHYRDKHNAKGEAIFNFILVVMFWLIFLLIILSYIKIGKNLLRISK	201-250	0.375	0	Non-toxic
Seg_202	TMCFHYRDKHNAKGEAIFNFILVVMFWLIFLLIILSYIKIGKNLLRISKR	202-251	0.36	0	Non-toxic
Seg_203	MCFHYRDKHNAKGEAIFNFILVVMFWLIFLLIILSYIKIGKNLLRISKRR	203-252	0.37	0	Non-toxic
Seg_204	CFHYRDKHNAKGEAIFNFILVVMFWLIFLLIILSYIKIGKNLLRISKRRS	204-253	0.335	0	Non-toxic
Seg_205	FHYRDKHNAKGEAIFNFILVVMFWLIFLLIILSYIKIGKNLLRISKRRSK	205-254	0.31	0	Non-toxic
Seg_206	HYRDKHNAKGEAIFNFILVVMFWLIFLLIILSYIKIGKNLLRISKRRSKF	206-255	0.325	0	Non-toxic
Seg_207	YRDKHNAKGEAIFNFILVVMFWLIFLLIILSYIKIGKNLLRISKRRSKFP	207-256	0.32	0	Non-toxic
Seg_208	RDKHNAKGEAIFNFILVVMFWLIFLLIILSYIKIGKNLLRISKRRSKFPN	208-257	0.335	0	Non-toxic
Seg_209	DKHNAKGEAIFNFILVVMFWLIFLLIILSYIKIGKNLLRISKRRSKFPNS	209-258	0.325	0	Non-toxic
Seg_210	KHNAKGEAIFNFILVVMFWLIFLLIILSYIKIGKNLLRISKRRSKFPNSG	210-259	0.36	0	Non-toxic
Seg_211	HNAKGEAIFNFILVVMFWLIFLLIILSYIKIGKNLLRISKRRSKFPNSGK	211-260	0.39	0.39	Toxic
Seg_212	NAKGEAIFNFILVVMFWLIFLLIILSYIKIGKNLLRISKRRSKFPNSGKY	212-261	0.385	0.385	Toxic
Seg_213	AKGEAIFNFILVVMFWLIFLLIILSYIKIGKNLLRISKRRSKFPNSGKYA	213-262	0.375	0	Non-toxic
Seg_214	KGEAIFNFILVVMFWLIFLLIILSYIKIGKNLLRISKRRSKFPNSGKYAT	214-263	0.36	0	Non-toxic
Seg_215	GEAIFNFILVVMFWLIFLLIILSYIKIGKNLLRISKRRSKFPNSGKYATT	215-264	0.315	0	Non-toxic
Seg_216	EAIFNFILVVMFWLIFLLIILSYIKIGKNLLRISKRRSKFPNSGKYATTA	216-265	0.305	0	Non-toxic
Seg_217	AIFNFILVVMFWLIFLLIILSYIKIGKNLLRISKRRSKFPNSGKYATTAR	217-266	0.33	0	Non-toxic
Seg_218	IFNFILVVMFWLIFLLIILSYIKIGKNLLRISKRRSKFPNSGKYATTARN	218-267	0.325	0	Non-toxic
Seg_219	FNFILVVMFWLIFLLIILSYIKIGKNLLRISKRRSKFPNSGKYATTARNS	219-268	0.325	0	Non-toxic
Seg_220	NFILVVMFWLIFLLIILSYIKIGKNLLRISKRRSKFPNSGKYATTARNSF	220-269	0.33	0	Non-toxic
Seg_221	FILVVMFWLIFLLIILSYIKIGKNLLRISKRRSKFPNSGKYATTARNSFI	221-270	0.34	0	Non-toxic
Seg_222	ILVVMFWLIFLLIILSYIKIGKNLLRISKRRSKFPNSGKYATTARNSFIV	222-271	0.335	0	Non-toxic
Seg_223	LVVMFWLIFLLIILSYIKIGKNLLRISKRRSKFPNSGKYATTARNSFIVL	223-272	0.34	0	Non-toxic
Seg_224	VVMFWLIFLLIILSYIKIGKNLLRISKRRSKFPNSGKYATTARNSFIVLI	224-273	0.335	0	Non-toxic
Seg_225	VMFWLIFLLIILSYIKIGKNLLRISKRRSKFPNSGKYATTARNSFIVLII	225-274	0.36	0	Non-toxic
Seg_226	MFWLIFLLIILSYIKIGKNLLRISKRRSKFPNSGKYATTARNSFIVLIIF	226-275	0.385	0.385	Toxic
Seg_227	FWLIFLLIILSYIKIGKNLLRISKRRSKFPNSGKYATTARNSFIVLIIFT	227-276	0.39	0.39	Toxic
Seg_228	WLIFLLIILSYIKIGKNLLRISKRRSKFPNSGKYATTARNSFIVLIIFTV	228-277	0.355	0	Non-toxic
Seg_229	LIFLLIILSYIKIGKNLLRISKRRSKFPNSGKYATTARNSFIVLIIFTVC	229-278	0.365	0	Non-toxic
Seg_230	IFLLIILSYIKIGKNLLRISKRRSKFPNSGKYATTARNSFIVLIIFTVCF	230-279	0.41	0.41	Toxic
Seg_231	FLLIILSYIKIGKNLLRISKRRSKFPNSGKYATTARNSFIVLIIFTVCFV	231-280	0.405	0.405	Toxic
Seg_232	LLIILSYIKIGKNLLRISKRRSKFPNSGKYATTARNSFIVLIIFTVCFVP	232-281	0.37	0	Non-toxic
Seg_233	LIILSYIKIGKNLLRISKRRSKFPNSGKYATTARNSFIVLIIFTVCFVPY	233-282	0.37	0	Non-toxic
Seg_234	IILSYIKIGKNLLRISKRRSKFPNSGKYATTARNSFIVLIIFTVCFVPYH	234-283	0.395	0.395	Toxic
Seg_235	ILSYIKIGKNLLRISKRRSKFPNSGKYATTARNSFIVLIIFTVCFVPYHA	235-284	0.39	0.39	Toxic
Seg_236	LSYIKIGKNLLRISKRRSKFPNSGKYATTARNSFIVLIIFTVCFVPYHAF	236-285	0.405	0.405	Toxic
Seg_237	SYIKIGKNLLRISKRRSKFPNSGKYATTARNSFIVLIIFTVCFVPYHAFR	237-286	0.395	0.395	Toxic
Seg_238	YIKIGKNLLRISKRRSKFPNSGKYATTARNSFIVLIIFTVCFVPYHAFRF	238-287	0.39	0.39	Toxic
Seg_239	IKIGKNLLRISKRRSKFPNSGKYATTARNSFIVLIIFTVCFVPYHAFRFV	239-288	0.405	0.405	Toxic
Seg_240	KIGKNLLRISKRRSKFPNSGKYATTARNSFIVLIIFTVCFVPYHAFRFVY	240-289	0.39	0.39	Toxic
Seg_241	IGKNLLRISKRRSKFPNSGKYATTARNSFIVLIIFTVCFVPYHAFRFVYI	241-290	0.37	0	Non-toxic
Seg_242	GKNLLRISKRRSKFPNSGKYATTARNSFIVLIIFTVCFVPYHAFRFVYIS	242-291	0.365	0	Non-toxic
Seg_243	KNLLRISKRRSKFPNSGKYATTARNSFIVLIIFTVCFVPYHAFRFVYISA	243-292	0.33	0	Non-toxic
Seg_244	NLLRISKRRSKFPNSGKYATTARNSFIVLIIFTVCFVPYHAFRFVYISAQ	244-293	0.34	0	Non-toxic
Seg_245	LLRISKRRSKFPNSGKYATTARNSFIVLIIFTVCFVPYHAFRFVYISAQL	245-294	0.315	0	Non-toxic
Seg_246	LRISKRRSKFPNSGKYATTARNSFIVLIIFTVCFVPYHAFRFVYISAQLN	246-295	0.315	0	Non-toxic
Seg_247	RISKRRSKFPNSGKYATTARNSFIVLIIFTVCFVPYHAFRFVYISAQLNV	247-296	0.33	0	Non-toxic
Seg_248	ISKRRSKFPNSGKYATTARNSFIVLIIFTVCFVPYHAFRFVYISAQLNVS	248-297	0.315	0	Non-toxic
Seg_249	SKRRSKFPNSGKYATTARNSFIVLIIFTVCFVPYHAFRFVYISAQLNVSS	249-298	0.3	0	Non-toxic
Seg_250	KRRSKFPNSGKYATTARNSFIVLIIFTVCFVPYHAFRFVYISAQLNVSSC	250-299	0.32	0	Non-toxic
Seg_251	RRSKFPNSGKYATTARNSFIVLIIFTVCFVPYHAFRFVYISAQLNVSSCY	251-300	0.33	0	Non-toxic
Seg_252	RSKFPNSGKYATTARNSFIVLIIFTVCFVPYHAFRFVYISAQLNVSSCYW	252-301	0.335	0	Non-toxic
Seg_253	SKFPNSGKYATTARNSFIVLIIFTVCFVPYHAFRFVYISAQLNVSSCYWK	253-302	0.34	0	Non-toxic
Seg_254	KFPNSGKYATTARNSFIVLIIFTVCFVPYHAFRFVYISAQLNVSSCYWKE	254-303	0.35	0	Non-toxic
Seg_255	FPNSGKYATTARNSFIVLIIFTVCFVPYHAFRFVYISAQLNVSSCYWKEI	255-304	0.365	0	Non-toxic
Seg_256	PNSGKYATTARNSFIVLIIFTVCFVPYHAFRFVYISAQLNVSSCYWKEIV	256-305	0.38	0	Non-toxic
Seg_257	NSGKYATTARNSFIVLIIFTVCFVPYHAFRFVYISAQLNVSSCYWKEIVH	257-306	0.37	0	Non-toxic
Seg_258	SGKYATTARNSFIVLIIFTVCFVPYHAFRFVYISAQLNVSSCYWKEIVHK	258-307	0.36	0	Non-toxic
Seg_259	GKYATTARNSFIVLIIFTVCFVPYHAFRFVYISAQLNVSSCYWKEIVHKT	259-308	0.37	0	Non-toxic
Seg_260	KYATTARNSFIVLIIFTVCFVPYHAFRFVYISAQLNVSSCYWKEIVHKTN	260-309	0.345	0	Non-toxic
Seg_261	YATTARNSFIVLIIFTVCFVPYHAFRFVYISAQLNVSSCYWKEIVHKTNE	261-310	0.34	0	Non-toxic
Seg_262	ATTARNSFIVLIIFTVCFVPYHAFRFVYISAQLNVSSCYWKEIVHKTNEI	262-311	0.345	0	Non-toxic
Seg_263	TTARNSFIVLIIFTVCFVPYHAFRFVYISAQLNVSSCYWKEIVHKTNEIM	263-312	0.325	0	Non-toxic
Seg_264	TARNSFIVLIIFTVCFVPYHAFRFVYISAQLNVSSCYWKEIVHKTNEIML	264-313	0.32	0	Non-toxic
Seg_265	ARNSFIVLIIFTVCFVPYHAFRFVYISAQLNVSSCYWKEIVHKTNEIMLV	265-314	0.33	0	Non-toxic
Seg_266	RNSFIVLIIFTVCFVPYHAFRFVYISAQLNVSSCYWKEIVHKTNEIMLVF	266-315	0.325	0	Non-toxic
Seg_267	NSFIVLIIFTVCFVPYHAFRFVYISAQLNVSSCYWKEIVHKTNEIMLVFS	267-316	0.315	0	Non-toxic
Seg_268	SFIVLIIFTVCFVPYHAFRFVYISAQLNVSSCYWKEIVHKTNEIMLVFSS	268-317	0.315	0	Non-toxic
Seg_269	FIVLIIFTVCFVPYHAFRFVYISAQLNVSSCYWKEIVHKTNEIMLVFSSF	269-318	0.315	0	Non-toxic
Seg_270	IVLIIFTVCFVPYHAFRFVYISAQLNVSSCYWKEIVHKTNEIMLVFSSFN	270-319	0.315	0	Non-toxic
Seg_271	VLIIFTVCFVPYHAFRFVYISAQLNVSSCYWKEIVHKTNEIMLVFSSFNS	271-320	0.325	0	Non-toxic
Seg_272	LIIFTVCFVPYHAFRFVYISAQLNVSSCYWKEIVHKTNEIMLVFSSFNSC	272-321	0.32	0	Non-toxic
Seg_273	IIFTVCFVPYHAFRFVYISAQLNVSSCYWKEIVHKTNEIMLVFSSFNSCL	273-322	0.335	0	Non-toxic
Seg_274	IFTVCFVPYHAFRFVYISAQLNVSSCYWKEIVHKTNEIMLVFSSFNSCLD	274-323	0.32	0	Non-toxic
Seg_275	FTVCFVPYHAFRFVYISAQLNVSSCYWKEIVHKTNEIMLVFSSFNSCLDP	275-324	0.335	0	Non-toxic
Seg_276	TVCFVPYHAFRFVYISAQLNVSSCYWKEIVHKTNEIMLVFSSFNSCLDPV	276-325	0.345	0	Non-toxic
Seg_277	VCFVPYHAFRFVYISAQLNVSSCYWKEIVHKTNEIMLVFSSFNSCLDPVM	277-326	0.325	0	Non-toxic
Seg_278	CFVPYHAFRFVYISAQLNVSSCYWKEIVHKTNEIMLVFSSFNSCLDPVMY	278-327	0.3	0	Non-toxic
Seg_279	FVPYHAFRFVYISAQLNVSSCYWKEIVHKTNEIMLVFSSFNSCLDPVMYF	279-328	0.24	0	Non-toxic
Seg_280	VPYHAFRFVYISAQLNVSSCYWKEIVHKTNEIMLVFSSFNSCLDPVMYFL	280-329	0.23	0	Non-toxic
Seg_281	PYHAFRFVYISAQLNVSSCYWKEIVHKTNEIMLVFSSFNSCLDPVMYFLM	281-330	0.225	0	Non-toxic
Seg_282	YHAFRFVYISAQLNVSSCYWKEIVHKTNEIMLVFSSFNSCLDPVMYFLMS	282-331	0.24	0	Non-toxic
Seg_283	HAFRFVYISAQLNVSSCYWKEIVHKTNEIMLVFSSFNSCLDPVMYFLMSS	283-332	0.245	0	Non-toxic
Seg_284	AFRFVYISAQLNVSSCYWKEIVHKTNEIMLVFSSFNSCLDPVMYFLMSSN	284-333	0.24	0	Non-toxic
Seg_285	FRFVYISAQLNVSSCYWKEIVHKTNEIMLVFSSFNSCLDPVMYFLMSSNI	285-334	0.24	0	Non-toxic
Seg_286	RFVYISAQLNVSSCYWKEIVHKTNEIMLVFSSFNSCLDPVMYFLMSSNIR	286-335	0.245	0	Non-toxic
Seg_287	FVYISAQLNVSSCYWKEIVHKTNEIMLVFSSFNSCLDPVMYFLMSSNIRK	287-336	0.235	0	Non-toxic
Seg_288	VYISAQLNVSSCYWKEIVHKTNEIMLVFSSFNSCLDPVMYFLMSSNIRKI	288-337	0.235	0	Non-toxic
Seg_289	YISAQLNVSSCYWKEIVHKTNEIMLVFSSFNSCLDPVMYFLMSSNIRKIM	289-338	0.25	0	Non-toxic
Seg_290	ISAQLNVSSCYWKEIVHKTNEIMLVFSSFNSCLDPVMYFLMSSNIRKIMC	290-339	0.325	0	Non-toxic
Seg_291	SAQLNVSSCYWKEIVHKTNEIMLVFSSFNSCLDPVMYFLMSSNIRKIMCQ	291-340	0.355	0	Non-toxic
Seg_292	AQLNVSSCYWKEIVHKTNEIMLVFSSFNSCLDPVMYFLMSSNIRKIMCQL	292-341	0.34	0	Non-toxic
Seg_293	QLNVSSCYWKEIVHKTNEIMLVFSSFNSCLDPVMYFLMSSNIRKIMCQLL	293-342	0.355	0	Non-toxic
Seg_294	LNVSSCYWKEIVHKTNEIMLVFSSFNSCLDPVMYFLMSSNIRKIMCQLLS	294-343	0.375	0	Non-toxic
Seg_295	NVSSCYWKEIVHKTNEIMLVFSSFNSCLDPVMYFLMSSNIRKIMCQLLSK	295-344	0.37	0	Non-toxic
Seg_296	VSSCYWKEIVHKTNEIMLVFSSFNSCLDPVMYFLMSSNIRKIMCQLLSKR	296-345	0.37	0	Non-toxic
Seg_297	SSCYWKEIVHKTNEIMLVFSSFNSCLDPVMYFLMSSNIRKIMCQLLSKRF	297-346	0.375	0	Non-toxic
Seg_298	SCYWKEIVHKTNEIMLVFSSFNSCLDPVMYFLMSSNIRKIMCQLLSKRFQ	298-347	0.39	0.39	Toxic
Seg_299	CYWKEIVHKTNEIMLVFSSFNSCLDPVMYFLMSSNIRKIMCQLLSKRFQG	299-348	0.37	0	Non-toxic
Seg_300	YWKEIVHKTNEIMLVFSSFNSCLDPVMYFLMSSNIRKIMCQLLSKRFQGE	300-349	0.29	0	Non-toxic
Seg_301	WKEIVHKTNEIMLVFSSFNSCLDPVMYFLMSSNIRKIMCQLLSKRFQGEA	301-350	0.295	0	Non-toxic
Seg_302	KEIVHKTNEIMLVFSSFNSCLDPVMYFLMSSNIRKIMCQLLSKRFQGEAS	302-351	0.28	0	Non-toxic
Seg_303	EIVHKTNEIMLVFSSFNSCLDPVMYFLMSSNIRKIMCQLLSKRFQGEASR	303-352	0.29	0	Non-toxic
Seg_304	IVHKTNEIMLVFSSFNSCLDPVMYFLMSSNIRKIMCQLLSKRFQGEASRS	304-353	0.3	0	Non-toxic
Seg_305	VHKTNEIMLVFSSFNSCLDPVMYFLMSSNIRKIMCQLLSKRFQGEASRSE	305-354	0.285	0	Non-toxic
Seg_306	HKTNEIMLVFSSFNSCLDPVMYFLMSSNIRKIMCQLLSKRFQGEASRSES	306-355	0.28	0	Non-toxic
Seg_307	KTNEIMLVFSSFNSCLDPVMYFLMSSNIRKIMCQLLSKRFQGEASRSEST	307-356	0.265	0	Non-toxic
Seg_308	TNEIMLVFSSFNSCLDPVMYFLMSSNIRKIMCQLLSKRFQGEASRSESTS	308-357	0.26	0	Non-toxic
Seg_309	NEIMLVFSSFNSCLDPVMYFLMSSNIRKIMCQLLSKRFQGEASRSESTSE	309-358	0.255	0	Non-toxic
Seg_310	EIMLVFSSFNSCLDPVMYFLMSSNIRKIMCQLLSKRFQGEASRSESTSEF	310-359	0.26	0	Non-toxic
Seg_311	IMLVFSSFNSCLDPVMYFLMSSNIRKIMCQLLSKRFQGEASRSESTSEFK	311-360	0.28	0	Non-toxic
Seg_312	MLVFSSFNSCLDPVMYFLMSSNIRKIMCQLLSKRFQGEASRSESTSEFKP	312-361	0.265	0	Non-toxic
Seg_313	LVFSSFNSCLDPVMYFLMSSNIRKIMCQLLSKRFQGEASRSESTSEFKPG	313-362	0.265	0	Non-toxic
Seg_314	VFSSFNSCLDPVMYFLMSSNIRKIMCQLLSKRFQGEASRSESTSEFKPGY	314-363	0.27	0	Non-toxic
Seg_315	FSSFNSCLDPVMYFLMSSNIRKIMCQLLSKRFQGEASRSESTSEFKPGYS	315-364	0.275	0	Non-toxic
Seg_316	SSFNSCLDPVMYFLMSSNIRKIMCQLLSKRFQGEASRSESTSEFKPGYSL	316-365	0.27	0	Non-toxic
Seg_317	SFNSCLDPVMYFLMSSNIRKIMCQLLSKRFQGEASRSESTSEFKPGYSLH	317-366	0.27	0	Non-toxic
Seg_318	FNSCLDPVMYFLMSSNIRKIMCQLLSKRFQGEASRSESTSEFKPGYSLHD	318-367	0.27	0	Non-toxic
Seg_319	NSCLDPVMYFLMSSNIRKIMCQLLSKRFQGEASRSESTSEFKPGYSLHDT	319-368	0.26	0	Non-toxic
Seg_320	SCLDPVMYFLMSSNIRKIMCQLLSKRFQGEASRSESTSEFKPGYSLHDTS	320-369	0.26	0	Non-toxic
Seg_321	CLDPVMYFLMSSNIRKIMCQLLSKRFQGEASRSESTSEFKPGYSLHDTSA	321-370	0.24	0	Non-toxic
Seg_322	LDPVMYFLMSSNIRKIMCQLLSKRFQGEASRSESTSEFKPGYSLHDTSAA	322-371	0.225	0	Non-toxic
Seg_323	DPVMYFLMSSNIRKIMCQLLSKRFQGEASRSESTSEFKPGYSLHDTSAAA	323-372	0.24	0	Non-toxic
Seg_324	PVMYFLMSSNIRKIMCQLLSKRFQGEASRSESTSEFKPGYSLHDTSAAAK	324-373	0.27	0	Non-toxic
Seg_325	VMYFLMSSNIRKIMCQLLSKRFQGEASRSESTSEFKPGYSLHDTSAAAKI	325-374	0.28	0	Non-toxic
Seg_326	MYFLMSSNIRKIMCQLLSKRFQGEASRSESTSEFKPGYSLHDTSAAAKIQ	326-375	0.3	0	Non-toxic
Seg_327	YFLMSSNIRKIMCQLLSKRFQGEASRSESTSEFKPGYSLHDTSAAAKIQP	327-376	0.29	0	Non-toxic
Seg_328	FLMSSNIRKIMCQLLSKRFQGEASRSESTSEFKPGYSLHDTSAAAKIQPT	328-377	0.29	0	Non-toxic
Seg_329	LMSSNIRKIMCQLLSKRFQGEASRSESTSEFKPGYSLHDTSAAAKIQPTS	329-378	0.28	0	Non-toxic
